1534709353,sexbobombtastic
52953748,domidomdomzHere'sminebtw
1188879047905988609,SnpFox
1354023153538723840,okallday
2786668408,bradurday
104336723,acNutZ
1372501704021835777,and1mixtapeofficial
157546005,baloo
265554430,dickie23900
74212083,CB
2248156285,cryptopshooterAlreadylikedyourshowcasefrombefore...
1332566147774996480,topshotboy‚Ä¶
2248156285,cryptopshooter
34103379,BennettForceThanks!!
2153533176,chingster
1381310744633954306,rodelliIhavenobeefwithLALgettingcarvedup
1376828658195656710,
86977181,YoungBloOd
67828994,flongwin31
2786668408,bradurday
1078625113895985152,Dazza9
1078625113895985152,Dazza9
1370063309441994752,Iron_Spider
1378139611893915650,rickkagemoto
1378139611893915650,rickkagemoto
325151621,MASSDOG23Let'sgo
1377155945436901380,TopShotHotBoyDManTS
1368603617935167492,Goyanks7777
766710957036802048,
1344670697138876417,johnnybahamas
1378139611893915650,rickkagemoto
519628570,twolfpack
1378139611893915650,rickkagemoto
4122890662,
62965711,desired1
1280630914205220866,beforeiusedcheatcodesilookedlikethis!catilanpostts
2153533176,chingsterdiscord
69209695,
2153533176,chingsterdiscord
41968536,)
77920294,
1373670816466964481,theaabishop
2366382378,cayoungThanks!
1093590121,Alexpancakes
358984948,
1270244862164480000,Xxapplesauce
1372853795495944192,TS
1372853795495944192,theryanman
1249155347148935169,WandaTS
325151621,MASSDOG23Thanksforthegiveaway!
1372853795495944192,theryanman
2786668408,bradurday
46600062,jbondwagon
1370170363255078912,PjSwiss
1274472768881352704,
3024477881,Billieve1
588253887,komikt07entinoPleaselikebackifyouhaven'tyet.Thanks!
58215270,RipCity_Baby
1321429243721646084,
1344307277201866753,
912364474782191619,
1175128658538745856,Honeybadger
1344307277201866753,
253441839,
1370170363255078912,PjSwiss
35302376,catsfanatic319
1332566147774996480,topshotboy
217930532,
265554430,dickie23900
2273978240,Finishr
3432074853,Garyshav
1379844359940681730,
1371845149941194753,Zach8866
1370170363255078912,PjSwiss
386571133,
1373108714819911683,
52666707,VIPENASTY
1352680880276434945,
1383252603039977479,
1368687962565660675,PaperTossKobeeeeeeeeLikeditbro
1865608279,Trainfor3
2379075590,Lix
1375916452750970896,cjdel77.Thankyoufortheopportunity!!!
365994846,Asakael
1369878891490250752,
2302986703,"umar,heresmyshowcasetoo"
1175128658538745856,Honeybadger
2786668408,bradurday
1258928801494556679,
1372853795495944192,theryanman
1352494260994465792,GUARDIANSBrotherhood
225662111,velvethoop
1359950614629920770,WebRedemption33
29845382,WoolfPakAttackDidyoupostthissomewhereelse?IwenttogospitsomefireonitanditshowsIalre‚Ä¶
2681356806,20PIECE
29845382,WoolfPakAttack286üî•thankyou
903181385208233984,
225662111,VelvetHoop
1372701449503739904,
2786668408,bradurday
2786668408,bradurday
1380285755537436672,BeagleBuddy
1372701449503739904,
501784219,13edm
1372853795495944192,theryanman
1270244862164480000,Xxapplesauce
1372853795495944192,theryanman
1270244862164480000,Xxapplesauce
1345976939891232769,
1161052471,GizmoMoney.....GoodLuckWIlt!!!
1377155945436901380,Booty_n_beast
1345976939891232769,
1345976939891232769,
1345976939891232769,
1345976939891232769,
1345976939891232769,
1345976939891232769,
1345976939891232769,
1345976939891232769,
4888493968,JBus
2248156285,cryptopshooter
1345976939891232769,
1345976939891232769,
1188879047905988609,SnpFox
1345976939891232769,
1345976939891232769,
2248156285,cryptopshooter
1345976939891232769,
1345976939891232769,
1345976939891232769,
1345976939891232769,
1345976939891232769,
1345976939891232769,
1345976939891232769,
1381442911741468672,SanDiego_Clippersü§ô
1228307117305745408,Panayoti22]
1345976939891232769,
1378139611893915650,rickkagemoto
812337799450034181,"joeswam(Ilikedyoursalready,soI‚ÄômnotsurewhichnumberlikeIam).Thanks!"
1372701449503739904,
157546005,baloo
1372234627709014031,joyceepugTS
1382243411219132416,
62469772,Dust1nDr4ke
443118142,RaseOneüëä
1101194231920631808,SizzleChest2056
466757928,
388461408,donke77
325151621,MASSDOG23Let'sgo!
30132734,damartian32Showcaseliked.Tagging
1381849901911302144,36kPacksLocked
3578803222,From_The_AshesTs
1377155945436901380,
2248156285,cryptopshooterAlreadylikedthisbefore
1718327072,attentoa...FrancescoForte
1316378843788251136,Stoffy
895924129,markxthespot
1359220224785068037,
46600062,jbondwagon
1216181101099671553,Rahl
1373995300881240069,dopepope
1906981801,sbarnes
52953748,domidomdomzHere'smine
77920294,Thexceo
35302376,catsfanatic319
1332566147774996480,topshotboy
500730620,Jahmin22
1332566147774996480,topshotboy
1332566147774996480,topshotboy
1332566147774996480,topshotboy
1342381558036979712,dadadariel
1342381558036979712,dadadariel
1381756433474187269,citypulse
1192605592571064320,Richnglory
67828994,flongwin31
742865951662690304,BADFISHWOW
2786668408,bradurday
1362222027478880262,dwalk444GLall
1726914596,
742865951662690304,BADFISHWOW
1381849901911302144,6kpackslocked
1376188661960744967,RedRabbit
747909074247876608,icko116
2302986703,umar
1366522520816345088,jopman
1865608279,trainfor3
2302986703,umar
103941906,
1362789610305310721,HUSKY_MONKEY
1375872740377387011,attackontopshot
1375872740377387011,attackontopshot
138133624,HoneyNutCheeriosüëä
2656862383,
1381576492157558786,drip0212
823378247815725056,PantherRobThanks.
1381576492157558786,drip0212
138133624,HoneyNutCheeriosüí™üí™üëëüëë
138133624,HoneyNutCheeriosGoodluckü§ù
1269031771565416449,
138133624,HoneyNutCheeriosShoutoutrookieoftheyearMCWüí™üí™
1040939111283126272,
1340479170669924353,Dreikihere'smine‚ô•
1382435924806623232,Shaunfish15
1086146383705296896,AgeNNortoN
4880145045,
59049702,domeng23
1340479170669924353,Dreiki
1381576492157558786,drip0212
766493366,CompassionatePeachesThisshowcaseispartofagiveawaycheckmypinnedtweet!
1382435924806623232,Shaunfish15
2865072712,BengeBallerThanksfortheop!
2786668408,
1366262107918901249,amazingaims
1308868336227250176,
46600062,jbondwagon
924116716841418753,Nwcreation5**hopingforglitchinsystemfordropüòÇüòâ
703449887753408512,mikendre
48230266,
341125104,SlickandtheKid
1242658353148461056,ArtWithKobe
1382435924806623232,Shaunfish15don‚Äôtfeellikeyouhavetodothatman.IjustwantedtosendyousomelovecauseIk‚Ä¶
77920294,
187437851,"Solesgo55Nets,Wolves,Warriors.Thanks!"
15490254,"alabamajamshawks,pelicans,raptorsorheatdoesn'tmatter"
493762531,clax21Ijustlikebasketball.Thanksyouareawesome.
1373743083356061698,"mankBulls,Cavaliers,Suns"
1300200066825609216,betweenthe3sMavericksRaptorsGrizzlies
1150565228444299264,JPrince3Youseriouslyrockman.üëä
1370963205623795713,"HowlWolves,Hornets,Suns"
349991729,‚Ä¶
948731377981317121,Octnandez
2492369731,ghost_dog_one
755862743421366273,puzzlepiecedad
78428908,blueraptor
1319534416193069056,dortsinceday1
1332566147774996480,topshotboyYoureblessed
1362156821839040513,
1342999606515347466,"Knicks246(Knicks,Nets,Bulls)"
1022266452307574785,YoungGronkCelticsHornetsNuggets
410081887,BennyBear84
2299519770,XAEA_12Thanksüêê‚ù§Ô∏è
2299519770,XAEA_12Thanks!üêê
1378139611893915650,rickkagemotothanksforthegiveaway!
1282064806053400581,TopShotDJTeam
871699640,"danallaroundtheworldLakers,Blazers,Pelicans"
871699640,danallaroundtheworldüôèüèΩ
1363701234784370694,DavisDope
2786668408,bradurday
235362534,Murdock29
1865608279,"trainfor3Warriors,clippers,Nets"
274281279,oelshiyabFavoriteteams
1298485871092539392,chubbybealWizardsHornetsKnicks
1232010324036878336,CaliBoiiThanks!
1362156821839040513,
1275552226090483712,Dom
1372853795495944192,theryanman
987067644,THTLakeshow
1189683421213184002,villytoon
1364676283561517059,0ne
107629247,Rsickler22
1865608279,Trainfor3
169327564,SoleCollector
1247648042892906502,DBNETS
1368603617935167492,Goyanks7777
499293498,dustinliesTeams
303254640,Olebigbats
1865608279,trainfor3
1316378843788251136,Stoffy
1232010324036878336,CaliBoiiGoodlucky'all
2786668408,bradurday
1369917726999928841,SpideyDanly
410081887,BennyBear84
1372853795495944192,theryanman
1368603617935167492,Goyanks7777
1865608279,Trainfor3
67828994,flongwin31
1865608279,trainfor3
1359193830889828356,"JordanBelfortandfavteamsaresixers,kings,pels"
1021291862,SuthySideUpandI'maRaptorsfan!!#WeTheNorthWill‚Ä¶
254426116,Nobes91
111981317,EhJayDwightandJeramiGrant
341125104,SlickandtheKid
1370170363255078912,"PjSwissKnicks,Mavericks,Nuggets"
1334226056509734912,MattKHeat31HeatNuggetsMavs.Thanksyou!
1865608279,Trainfor3
325151621,MASSDOG23Let'sgo!
747909074247876608,icko116
2273978240,Finishr
138133624,HoneyNutCheeriosüí™üí™
1378139611893915650,rickkagemoto
1334226056509734912,MattKHeat31thanksforthegiveawayopportunity!
1293596995,089DrocThanksfortheshot!ü§ôüèÄ
156774756,sleo03
325151621,MASSDOG23Let'sgo!
2728201353,lakers_4everFavteams
262120052,BigN8iveNo.308
898504530,tx_buda
1196871212582014976,DubNation4everFavteams
1303092715698126848,"blue_lizard987Lakers,Pelicans,GSW"
1022567508585455616,NatestooifIgetoneI‚Äômgonnagiveitawayonstreamtonight
325151621,MASSDOG23Let'sgo!Thanks!
1370170363255078912,PjSwissAppreciateit!
957500420666032128,OKCthunder
1382047871067901955,bentaylor
29845382,
1370063309441994752,Iron_Spider
1382038398790209537,)GLTS
276825201,V_ALakers76ersRaptors
1370170363255078912,PjSwiss
499293498,dustinlies
1372365834895699974,SpongebobSquarepacks
1237815368154066946,sum2proveüôè
779119383893258240,Wade_County_305ThanksCheddar!
320480376,JRO19thanks!!!üèÄüî•
87823593,"JimmerTime84andlovetheLakers,Suns,andCeltics"
1370854572277780483,StackzBallin
1370170363255078912,PjSwiss
1381485012101529602,yooohhh
1370285953869357059,WoodyUnchained
903709782422454277,ejang9Haveneverwononefromyoubeforebutthanksfordoingallyoudoforpeople!
723567776611196928,Nukidmike
1370285953869357059,WoodyUnchained
1188879047905988609,SnpFoxThanks
583192593,checkoutthisPDopportunityusingOERmaterialswithRegisterhere
94355121,Alderaan_DestroyersFaveteamsareTorontoRaptorsDenverNuggetsOKCThunderThanksforbeingsocool!
1370285953869357059,"Lakers,Mavericks,Suns"
1188879047905988609,SnpFox
984039685075828736,CassandraDC
323605096,"jdub18Bulls,Mavs,Portland"
3430355772,ShadowBearded
1306264109374210048,aidanwojTop3teams
408102418,"ShimRaptors,Raptors,Raptors"
3430355772,ShadowBeardedyou'reupto605likes
1186461932,astizzle
1177644894246096896,awhiLeonardrules
1008870488423223297,DOOMg59
1197613926361513984,fab47
3100056111,Juice_Lab
747909074247876608,icko116
378904801,AQfresh17
843286274,tsbeardsüöÄ
252027257,Dustinct‚ù§Ô∏èfromüá®üá¶
3430355772,ShadowBeardedfriendtag
252027257,dustinct
1381310744633954306,rodelliBeenintheDiscord!
1366897202103263236,Benny_10üß°üíô
1370285953869357059,WoodyUnchained
1044955463400476673,OhMy
1373191989848510464,MickxsThanksfortheopportunity!
1373191989848510464,MickxsWouldreallyappreciateagifttostartmyday!!
1373191989848510464,MickxsIwanttojoininyourdiscord!!Seemslikeafunplacetobe!
193754467,PBizzle
52886245,BriMan
3430355772,ShadowBeardedyou'reupto163Likes!goodluck!
29055531,slumpbuster916üôè
1370419683699081218,MT25
42495006,
1506045133,
596547734,KiuKa79
1146646709629440000,Katipo
1194687857253851136,
62670126,booshtkdubnation
1086146383705296896,AgeNNortoN
